{
    "p_flip": [
        2,
        4,
        6,
        8,
        10,
        12,
        14,
        16,
        18,
        20,
        22,
        24,
        26,
        28,
        30,
        32,
        34,
        36,
        38,
        40
    ],
    "Bayes": [
        4.926628090725486,
        8.96120871949664,
        12.656266864931222,
        16.046755109897042,
        19.288208030926825,
        22.181135254701186,
        25.088933974690736,
        27.902815455088636,
        30.431729759103025,
        33.04146856365949,
        35.39785463092835,
        37.799067536378125,
        40.05940258434701,
        42.22911106267245,
        44.28118753499922,
        46.220332632395944,
        48.076332689759134,
        49.746141512833596,
        51.30742690081661,
        52.75099370416555
    ],
    "Mis-spec. BP": [
        10.003878765381124,
        12.527809002084288,
        15.3472207521043,
        17.804909193595886,
        20.340888642841392,
        23.008143653414802,
        25.63287542711401,
        27.79821469777438,
        30.09382251179329,
        32.749316924749614,
        35.19758199937622,
        37.94852487934453,
        40.326504107608024,
        42.810137472784064,
        44.85465563673232,
        47.36239727466249,
        49.77236719539184,
        51.97134569649791,
        54.15669979648701,
        56.173905738080265
    ],
    "Standard TF": [
        10.162055969238281,
        12.71610164642334,
        15.584078788757324,
        18.027437210083008,
        20.6228084564209,
        23.287363052368164,
        25.991056442260742,
        28.18111801147461,
        30.644065856933594,
        33.25468826293945,
        35.70778274536133,
        38.438812255859375,
        40.86939239501953,
        43.336151123046875,
        45.37510681152344,
        47.854469299316406,
        50.20558547973633,
        52.27011489868164,
        54.45935821533203,
        56.34909439086914
    ],
    "Guided TF": [
        10.206277847290039,
        12.598736763000488,
        15.388941764831543,
        17.848018646240234,
        20.383466720581055,
        23.04446029663086,
        25.677762985229492,
        27.88874626159668,
        30.17620086669922,
        32.834381103515625,
        35.28327941894531,
        38.01222229003906,
        40.412654876708984,
        42.91300964355469,
        44.927703857421875,
        47.39631271362305,
        49.8227653503418,
        52.0417594909668,
        54.187957763671875,
        56.2197265625
    ],
    "Shallow TF": [
        12.453449249267578,
        15.682851791381836,
        19.04056167602539,
        22.137046813964844,
        25.11338996887207,
        28.17434310913086,
        31.03295135498047,
        33.12920379638672,
        35.61071014404297,
        38.38029861450195,
        40.699134826660156,
        43.33805465698242,
        45.59904479980469,
        47.781517028808594,
        49.39714813232422,
        51.341644287109375,
        53.29275131225586,
        54.80078887939453,
        56.524436950683594,
        58.08653259277344
    ],
    "Joint Training": [
        10.452156066894531,
        12.806893348693848,
        15.571370124816895,
        18.036605834960938,
        20.576894760131836,
        23.2567081451416,
        25.992401123046875,
        28.144691467285156,
        30.607393264770508,
        33.2095947265625,
        35.649696350097656,
        38.42436981201172,
        40.813438415527344,
        43.33173370361328,
        45.35065841674805,
        47.88435363769531,
        50.31786346435547,
        52.37724304199219,
        54.53395462036133,
        56.38447570800781
    ]
}