{
    "p_flip": [
        2,
        4,
        6,
        8,
        10,
        12,
        14,
        16,
        18,
        20,
        22,
        24,
        26,
        28,
        30,
        32,
        34,
        36,
        38,
        40
    ],
    "Bayes": [
        0.4011091000712143,
        0.4035139512742438,
        0.41235268865268815,
        0.4203489151537232,
        0.43279085409028173,
        0.4470170358130341,
        0.47324584841960793,
        0.4950439961813993,
        0.5340325185358114,
        0.5813906359769319,
        0.6284466662435716,
        0.6885692448437375,
        0.7424753846807808,
        0.8236592690952057,
        0.9239893490598464,
        1.0232671193359006,
        1.138905949429538,
        1.271703883551879,
        1.4153868717732059,
        1.5588910498849005
    ],
    "Mis-spec. BP": [
        0.409927247614498,
        0.40989253601537073,
        0.41837658401821515,
        0.4302715355362966,
        0.4448117303974119,
        0.46908491273102176,
        0.4947234055009161,
        0.5150542471650456,
        0.542562584321137,
        0.5633392459446932,
        0.6365915493459318,
        0.6816189213432065,
        0.7533629720786588,
        0.8383511996248215,
        0.95772301170495,
        1.100627714407069,
        1.2410019390691258,
        1.3577937771594046,
        1.501960435063705,
        1.719325351584224
    ],
    "Standard TF": [
        0.41173064708709717,
        0.41096797585487366,
        0.4239904582500458,
        0.4339708387851715,
        0.452545166015625,
        0.4775393605232239,
        0.5199808478355408,
        0.544666051864624,
        0.5889167189598083,
        0.641732394695282,
        0.7217474579811096,
        0.8104684352874756,
        0.9210982918739319,
        1.0332729816436768,
        1.1869655847549438,
        1.3221315145492554,
        1.5000770092010498,
        1.6404653787612915,
        1.8054176568984985,
        1.9661670923233032
    ],
    "Guided TF": [
        0.41170069575309753,
        0.41188374161720276,
        0.4212348759174347,
        0.4330047369003296,
        0.4496327340602875,
        0.47379177808761597,
        0.5019458532333374,
        0.526220440864563,
        0.5536327362060547,
        0.575980007648468,
        0.6518312692642212,
        0.6985738277435303,
        0.7887888550758362,
        0.8716481924057007,
        0.9934840798377991,
        1.1341174840927124,
        1.2846709489822388,
        1.4253579378128052,
        1.5507344007492065,
        1.7562215328216553
    ],
    "Shallow TF": [
        0.4265981614589691,
        0.4153222143650055,
        0.43227168917655945,
        0.4454679787158966,
        0.4771754741668701,
        0.5116857290267944,
        0.5500656962394714,
        0.5773770213127136,
        0.6310394406318665,
        0.7023513317108154,
        0.8191951513290405,
        0.9170511364936829,
        1.0344992876052856,
        1.1565194129943848,
        1.3117284774780273,
        1.4357737302780151,
        1.5788618326187134,
        1.7378219366073608,
        1.9019695520401,
        2.045708179473877
    ]
}