{
    "p_flip": [
        2,
        4,
        6,
        8,
        10,
        12,
        14,
        16,
        18,
        20,
        22,
        24,
        26,
        28,
        30,
        32,
        34,
        36,
        38,
        40
    ],
    "Bayes": [
        0.1802496612071991,
        0.3241540789604187,
        0.4529782831668854,
        0.5711920261383057,
        0.6822020411491394,
        0.7855439186096191,
        0.8862736821174622,
        0.9794700145721436,
        1.0677225589752197,
        1.1535993814468384,
        1.2360038757324219,
        1.3136448860168457,
        1.3883944749832153,
        1.4585951566696167,
        1.5242979526519775,
        1.586457371711731,
        1.6450018882751465,
        1.7002840042114258,
        1.7517882585525513,
        1.8003031015396118
    ],
    "Mis-spec. BP": [
        0.38090780377388,
        0.4674064815044403,
        0.5574998259544373,
        0.6494404077529907,
        0.7352681159973145,
        0.824110746383667,
        0.9116035103797913,
        0.9963182806968689,
        1.079098105430603,
        1.1564170122146606,
        1.2396607398986816,
        1.3226221799850464,
        1.4002412557601929,
        1.483376145362854,
        1.5650585889816284,
        1.6428852081298828,
        1.7157564163208008,
        1.7922316789627075,
        1.8647369146347046,
        1.928907036781311
    ],
    "Standard TF": [
        0.3811282813549042,
        0.4677002429962158,
        0.557823121547699,
        0.6497561931610107,
        0.7357657551765442,
        0.8248578310012817,
        0.9124025106430054,
        0.9971697926521301,
        1.0805736780166626,
        1.1579115390777588,
        1.2412000894546509,
        1.3244388103485107,
        1.4023112058639526,
        1.4854087829589844,
        1.5668506622314453,
        1.6444257497787476,
        1.71755850315094,
        1.7942043542861938,
        1.8663941621780396,
        1.930463433265686
    ],
    "Guided TF": [
        0.3807695806026459,
        0.4673006236553192,
        0.5574471354484558,
        0.6493844389915466,
        0.7352460622787476,
        0.8241522908210754,
        0.9116507172584534,
        0.9964700937271118,
        1.079202651977539,
        1.156654953956604,
        1.2399247884750366,
        1.3229784965515137,
        1.400686502456665,
        1.4839950799942017,
        1.5655041933059692,
        1.643255591392517,
        1.7161226272583008,
        1.7924940586090088,
        1.8650391101837158,
        1.9291232824325562
    ],
    "Shallow TF": [
        0.3777239918708801,
        0.4673462510108948,
        0.5598328113555908,
        0.6540284156799316,
        0.741669774055481,
        0.8323625326156616,
        0.9214967489242554,
        1.0078800916671753,
        1.092179775238037,
        1.1725167036056519,
        1.2575531005859375,
        1.3424259424209595,
        1.420318841934204,
        1.5031147003173828,
        1.5844602584838867,
        1.6613044738769531,
        1.73386549949646,
        1.8085206747055054,
        1.8784034252166748,
        1.939833641052246
    ],
    "Joint Training": [
        0.3817062973976135,
        0.468237042427063,
        0.5583241581916809,
        0.6501733660697937,
        0.7364910840988159,
        0.8255855441093445,
        0.9132859706878662,
        0.9985412359237671,
        1.0816164016723633,
        1.1592732667922974,
        1.2425501346588135,
        1.3259153366088867,
        1.403741478919983,
        1.486865520477295,
        1.5688594579696655,
        1.646963357925415,
        1.719777226448059,
        1.7961729764938354,
        1.868523359298706,
        1.932722568511963
    ]
}