{
    "p_flip": [
        2,
        4,
        6,
        8,
        10,
        12,
        14,
        16,
        18,
        20,
        22,
        24,
        26,
        28,
        30,
        32,
        34,
        36,
        38,
        40
    ],
    "Standard TF": [
        0.4609646499156952,
        0.7055583596229553,
        0.9336281418800354,
        1.1443212032318115,
        1.309381365776062,
        1.4626221656799316,
        1.5866787433624268,
        1.6813024282455444,
        1.7834486961364746,
        1.8657158613204956,
        1.9432817697525024,
        2.002394437789917,
        2.057882308959961,
        2.1012446880340576,
        2.143951654434204,
        2.178795099258423,
        2.2077598571777344,
        2.2361977100372314,
        2.2572057247161865,
        2.270015001296997
    ],
    "Guided TF": [
        0.46121522784233093,
        0.7045319080352783,
        0.9282702207565308,
        1.1400105953216553,
        1.3042371273040771,
        1.4589349031448364,
        1.5837382078170776,
        1.6752262115478516,
        1.7773017883300781,
        1.8595961332321167,
        1.937414526939392,
        1.9960081577301025,
        2.0515098571777344,
        2.093174457550049,
        2.1369340419769287,
        2.1740975379943848,
        2.2044894695281982,
        2.2313132286071777,
        2.2534573078155518,
        2.2687249183654785
    ],
    "Shallow TF": [
        0.4603045880794525,
        0.7065871953964233,
        0.9341410994529724,
        1.1462140083312988,
        1.3114315271377563,
        1.4674681425094604,
        1.5955290794372559,
        1.68804132938385,
        1.7921411991119385,
        1.8748974800109863,
        1.9521799087524414,
        2.0125930309295654,
        2.068512439727783,
        2.1158151626586914,
        2.1526176929473877,
        2.187908172607422,
        2.2182300090789795,
        2.2433416843414307,
        2.2601583003997803,
        2.276625156402588
    ],
    "Bayes": [
        0.4092257022857666,
        0.6775407195091248,
        0.9061885476112366,
        1.1130894422531128,
        1.2876321077346802,
        1.4453531503677368,
        1.5662208795547485,
        1.6575254201889038,
        1.7604111433029175,
        1.8418022394180298,
        1.9222540855407715,
        1.9824581146240234,
        2.0365521907806396,
        2.0806241035461426,
        2.1217010021209717,
        2.161032199859619,
        2.1920053958892822,
        2.2203307151794434,
        2.2431814670562744,
        2.254279136657715
    ]
}