{
    "p_flip": [
        2,
        4,
        6,
        8,
        10,
        12,
        14,
        16,
        18,
        20,
        22,
        24,
        26,
        28,
        30,
        32,
        34,
        36,
        38,
        40
    ],
    "Bayes": [
        4.926598125262576,
        8.961931648087585,
        12.661769957135137,
        16.04949773999521,
        19.28941341248826,
        22.187557755365713,
        25.10252231096647,
        27.91403483401749,
        30.43967060504602,
        33.04146856365949,
        35.390194090563405,
        37.78675239286275,
        40.04241385953674,
        42.19211501626923,
        44.23317802745861,
        46.139007077858274,
        47.97074261344727,
        49.601983607120125,
        51.137049152796884,
        52.55162759244865
    ],
    "Mis-spec. BP": [
        10.003970145752026,
        12.527917438930038,
        15.347039621183754,
        17.81338499262944,
        20.348426883084002,
        22.99306523841663,
        25.63613731456102,
        27.82102830551395,
        30.112225830200973,
        32.749316924749614,
        35.2025013991814,
        37.93898108671205,
        40.30269651845617,
        42.778722234956646,
        44.781025182814616,
        47.25326491453174,
        49.68703462713872,
        51.815873239915526,
        53.952547413850695,
        55.8926169010161
    ],
    "Standard TF": [
        10.174844741821289,
        12.73063850402832,
        15.600811004638672,
        18.043867111206055,
        20.65158462524414,
        23.284194946289062,
        26.005985260009766,
        28.226402282714844,
        30.690820693969727,
        33.25468826293945,
        35.720645904541016,
        38.40510940551758,
        40.824859619140625,
        43.27152633666992,
        45.25387954711914,
        47.6787109375,
        50.04469680786133,
        52.081790924072266,
        54.216835021972656,
        56.101402282714844
    ],
    "Guided TF": [
        10.188995361328125,
        12.592848777770996,
        15.384323120117188,
        17.85652732849121,
        20.392189025878906,
        23.034242630004883,
        25.685413360595703,
        27.908336639404297,
        30.1999568939209,
        32.834381103515625,
        35.28254318237305,
        38.01420593261719,
        40.40776062011719,
        42.88927459716797,
        44.85332107543945,
        47.2992057800293,
        49.74409484863281,
        51.88167190551758,
        54.00287628173828,
        55.93321990966797
    ],
    "Shallow TF": [
        13.543540954589844,
        16.6563777923584,
        19.855751037597656,
        22.82921028137207,
        25.69123077392578,
        28.616050720214844,
        31.356626510620117,
        33.38660430908203,
        35.74956512451172,
        38.38029861450195,
        40.62617874145508,
        43.168601989746094,
        45.40285873413086,
        47.478797912597656,
        49.04568099975586,
        50.98021697998047,
        52.95585632324219,
        54.46794128417969,
        56.24583053588867,
        57.69371795654297
    ],
    "Joint Training": [
        10.310564041137695,
        12.755379676818848,
        15.549120903015137,
        18.03461265563965,
        20.608203887939453,
        23.2591609954834,
        26.019794464111328,
        28.19399642944336,
        30.646799087524414,
        33.2095947265625,
        35.64661407470703,
        38.379268646240234,
        40.769187927246094,
        43.28221130371094,
        45.24558639526367,
        47.662864685058594,
        50.09108352661133,
        52.10076904296875,
        54.17429733276367,
        56.073673248291016
    ]
}