{
    "p_flip": [
        2,
        4,
        6,
        8,
        10,
        12,
        14,
        16,
        18,
        20,
        22,
        24,
        26,
        28,
        30,
        32,
        34,
        36,
        38,
        40
    ],
    "Standard TF": [
        5.12433394908905,
        9.209125890731812,
        12.771108961105346,
        16.267830228805543,
        19.407513198852538,
        22.497694034576416,
        25.46324447631836,
        28.274765415191652,
        31.027861576080323,
        33.60414953231812,
        36.07267765045166,
        38.559586944580076,
        40.825423851013184,
        42.99690708160401,
        45.02117500305176,
        46.80876262664795,
        48.70199951171875,
        50.32755821228027,
        51.89085868835449,
        53.349803314208984
    ],
    "Guided TF": [
        5.066596546173096,
        8.979977598190308,
        12.5516246509552,
        15.975226888656616,
        19.27195539474487,
        22.286982288360594,
        25.1941898727417,
        27.914391460418702,
        30.52299549102783,
        33.097156829833985,
        35.63708885192871,
        38.05118755340576,
        40.28716281890869,
        42.477106170654295,
        44.45765380859375,
        46.323803482055666,
        48.18171600341797,
        49.8828263092041,
        51.42465885162353,
        52.90523811340332
    ],
    "Shallow TF": [
        6.456996636390686,
        11.284420042037963,
        15.575982446670531,
        19.292694053649903,
        22.942440547943114,
        26.327386379241943,
        29.849780292510985,
        33.35784599304199,
        35.814149627685545,
        38.773166732788084,
        40.99281394958496,
        43.23551975250244,
        45.471536788940426,
        47.40786392211914,
        49.81418647766113,
        51.170486793518066,
        52.60368453979492,
        53.84436767578125,
        54.975183715820314,
        56.0124889755249
    ],
    "Joint Training": [
        5.111746039390564,
        9.044867682456971,
        12.628829202651978,
        16.145400314331056,
        19.49423803329468,
        22.547488193511963,
        25.470456714630128,
        28.241164245605468,
        30.890858402252196,
        33.491425609588624,
        36.0478783416748,
        38.466544494628906,
        40.73466583251953,
        42.94988380432129,
        44.90933109283447,
        46.83674823760986,
        48.709368782043455,
        50.3846435546875,
        51.903371543884276,
        53.3555904006958
    ],
    "Bayes": [
        4.926628090725486,
        8.96120871949664,
        12.656266864931222,
        16.046755109897042,
        19.288208030926825,
        22.181135254701186,
        25.088933974690736,
        27.902815455088636,
        30.431729759103025,
        33.04146856365949,
        35.39785463092835,
        37.799067536378125,
        40.05940258434701,
        42.22911106267245,
        44.28118753499922,
        46.220332632395944,
        48.076332689759134,
        49.746141512833596,
        51.30742690081661,
        52.75099370416555
    ]
}