{
    "p_flip": [
        2,
        4,
        6,
        8,
        10,
        12,
        14,
        16,
        18,
        20,
        22,
        24,
        26,
        28,
        30,
        32,
        34,
        36,
        38,
        40
    ],
    "Standard TF": [
        0.3983408564329147,
        0.40104479253292086,
        0.410059834420681,
        0.42731795281171797,
        0.445696556866169,
        0.46944829434156415,
        0.4925695598125458,
        0.5299724835157394,
        0.5793119263648987,
        0.6410345765948295,
        0.7044151383638382,
        0.7715346771478653,
        0.8642910981178283,
        0.9667695927619934,
        1.0642784768342972,
        1.1628171169757844,
        1.3205540418624877,
        1.4651155412197112,
        1.619821821451187,
        1.744466222524643
    ],
    "Guided TF": [
        0.39647463500499724,
        0.3988963681459427,
        0.4049209815263748,
        0.4195345759391785,
        0.43536220222711564,
        0.45373958379030227,
        0.4718319565057755,
        0.49829201072454454,
        0.5406299042701721,
        0.5857059317827225,
        0.6343844828009605,
        0.6904002252221108,
        0.7667458766698837,
        0.8549446600675583,
        0.9391207373142243,
        1.048889797925949,
        1.171297978758812,
        1.3023796010017394,
        1.4420222270488738,
        1.5861404466629028
    ],
    "Shallow TF": [
        0.3970333248376846,
        0.40206054389476775,
        0.4113897117972374,
        0.4326366311311722,
        0.45382450371980665,
        0.4872978165745735,
        0.5213586419820786,
        0.5719946503639222,
        0.6354321226477623,
        0.7015447723865509,
        0.7772175300121308,
        0.8657228660583496,
        0.9736680316925049,
        1.0954465973377228,
        1.218430814743042,
        1.36854110121727,
        1.518139328956604,
        1.6605431759357452,
        1.8095039212703705,
        1.948186594247818
    ],
    "Bayes": [
        0.4011091000712143,
        0.4035139512742438,
        0.41235268865268815,
        0.4203489151537232,
        0.43279085409028173,
        0.4470170358130341,
        0.47324584841960793,
        0.4950439961813993,
        0.5340325185358114,
        0.5813906359769319,
        0.6284466662435715,
        0.6885692448437374,
        0.7424753846807808,
        0.8236592690952057,
        0.9239893490598464,
        1.0232671193359006,
        1.138905949429538,
        1.271703883551879,
        1.4153868717732057,
        1.5588910498849005
    ]
}