{
    "p_flip": [
        2,
        4,
        6,
        8,
        10,
        12,
        14,
        16,
        18,
        20,
        22,
        24,
        26,
        28,
        30,
        32,
        34,
        36,
        38,
        40
    ],
    "Bayes": [
        0.4011091000712143,
        0.4035139512742438,
        0.41235268865268815,
        0.4203489151537232,
        0.43279085409028173,
        0.4470170358130341,
        0.47324584841960793,
        0.4950439961813993,
        0.5340325185358114,
        0.5813906359769319,
        0.6284466662435716,
        0.6885692448437375,
        0.7424753846807808,
        0.8236592690952057,
        0.9239893490598464,
        1.0232671193359006,
        1.138905949429538,
        1.271703883551879,
        1.4153868717732059,
        1.5588910498849005
    ],
    "Mis-spec. BP": [
        0.40797474705207876,
        0.4129768405573536,
        0.4227596051531112,
        0.43323063400411493,
        0.44515491503770427,
        0.4631286441869275,
        0.47642820393018703,
        0.5060971248951306,
        0.5428387651977038,
        0.5753417177865326,
        0.6283887113799504,
        0.6996582317936764,
        0.7760836827453111,
        0.8552174944444819,
        0.9496653141989118,
        1.0605987901972775,
        1.1932325146631928,
        1.3529521582720136,
        1.5203752854178934,
        1.70908749373493
    ],
    "Standard TF": [
        0.40957513451576233,
        0.41578978300094604,
        0.42655330896377563,
        0.43937259912490845,
        0.4547559916973114,
        0.4774508774280548,
        0.5013484358787537,
        0.5422237515449524,
        0.5922775268554688,
        0.6416577100753784,
        0.7171152234077454,
        0.8174436092376709,
        0.9330271482467651,
        1.0272961854934692,
        1.1581155061721802,
        1.307705283164978,
        1.448030710220337,
        1.6189727783203125,
        1.8168957233428955,
        1.9846372604370117
    ],
    "Guided TF": [
        0.4088560938835144,
        0.4142380952835083,
        0.42444589734077454,
        0.436495304107666,
        0.44822266697883606,
        0.46527183055877686,
        0.4822688400745392,
        0.514194905757904,
        0.5576062202453613,
        0.5911593437194824,
        0.6512744426727295,
        0.7270393967628479,
        0.8071253895759583,
        0.8840656280517578,
        0.9885628819465637,
        1.0965557098388672,
        1.23192298412323,
        1.3928357362747192,
        1.5685350894927979,
        1.7364648580551147
    ],
    "Shallow TF": [
        0.4161463975906372,
        0.4280502498149872,
        0.4419706165790558,
        0.4574868679046631,
        0.48015204071998596,
        0.5005773305892944,
        0.5362250804901123,
        0.5806248784065247,
        0.6383733153343201,
        0.704508364200592,
        0.7992420196533203,
        0.9083594679832458,
        1.0317564010620117,
        1.144496202468872,
        1.27878999710083,
        1.4226322174072266,
        1.5707037448883057,
        1.7320424318313599,
        1.9018055200576782,
        2.046496868133545
    ]
}