{
    "p_flip": [
        2,
        4,
        6,
        8,
        10,
        12,
        14,
        16,
        18,
        20,
        22,
        24,
        26,
        28,
        30,
        32,
        34,
        36,
        38,
        40
    ],
    "Standard TF": [
        0.1815077967941761,
        0.32427782893180845,
        0.4521358039975166,
        0.5697565811872483,
        0.6804683494567871,
        0.7850404703617095,
        0.8863133549690246,
        0.9789183121919632,
        1.0701660811901093,
        1.156627471446991,
        1.2376750922203064,
        1.3160020864009858,
        1.3914088237285613,
        1.46280411362648,
        1.528844292163849,
        1.5906365191936493,
        1.650275011062622,
        1.7059801280498506,
        1.7577736723423003,
        1.8074790751934051
    ],
    "Guided TF": [
        0.18140877321362495,
        0.3240810537338257,
        0.4518901112675667,
        0.5693320298194885,
        0.6799952483177185,
        0.7844690948724746,
        0.8857146066427231,
        0.9781769430637359,
        1.069153116941452,
        1.1555269467830658,
        1.2363933491706849,
        1.314587014913559,
        1.389793930053711,
        1.461087030172348,
        1.5271420681476593,
        1.5889946484565736,
        1.6485522532463073,
        1.7042472505569457,
        1.7559651637077331,
        1.80553129196167
    ],
    "Shallow TF": [
        0.18196110650897027,
        0.32549109429121015,
        0.4545408153533936,
        0.5734337097406388,
        0.6856709158420563,
        0.7920995646715164,
        0.8952104741334915,
        0.989815024137497,
        1.082725647687912,
        1.1708917665481566,
        1.2537308180332183,
        1.333393510580063,
        1.409538198709488,
        1.4817076432704925,
        1.548374137878418,
        1.6098856258392333,
        1.6695847511291504,
        1.7250742483139039,
        1.77627458691597,
        1.825121443271637
    ],
    "Joint Training": [
        0.18158595994114876,
        0.32445496737957,
        0.4523526477813721,
        0.5700858843326568,
        0.6808639520406723,
        0.7856406116485596,
        0.8871844524145126,
        0.9800100165605545,
        1.0713500237464906,
        1.157910509109497,
        1.2390810680389404,
        1.3175999128818512,
        1.3927135145664216,
        1.4640720283985138,
        1.5302866196632385,
        1.5921466743946076,
        1.6515851998329163,
        1.7073846089839935,
        1.7591151201725006,
        1.8088239526748657
    ],
    "Bayes": [
        0.17991189658641815,
        0.323600709438324,
        0.4523378014564514,
        0.5704784989356995,
        0.6814990043640137,
        0.7848600745201111,
        0.8857001066207886,
        0.9790592193603516,
        1.067503809928894,
        1.1535993814468384,
        1.236398696899414,
        1.3144721984863281,
        1.3896311521530151,
        1.460432529449463,
        1.5267271995544434,
        1.5894848108291626,
        1.6486541032791138,
        1.7045897245407104,
        1.7566066980361938,
        1.8056938648223877
    ]
}