{
    "p_flip": [
        2,
        4,
        6,
        8,
        10,
        12,
        14,
        16,
        18,
        20,
        22,
        24,
        26,
        28,
        30,
        32,
        34,
        36,
        38,
        40
    ],
    "Bayes": [
        0.17991189658641815,
        0.323600709438324,
        0.4523378014564514,
        0.5704784989356995,
        0.6814990043640137,
        0.7848600745201111,
        0.8857001066207886,
        0.9790592193603516,
        1.067503809928894,
        1.1535993814468384,
        1.236398696899414,
        1.3144721984863281,
        1.3896311521530151,
        1.460432529449463,
        1.5267271995544434,
        1.5894848108291626,
        1.6486541032791138,
        1.7045897245407104,
        1.7566066980361938,
        1.8056938648223877
    ],
    "Mis-spec. BP": [
        0.38046178221702576,
        0.46684473752975464,
        0.5568923950195312,
        0.6488488912582397,
        0.7346007227897644,
        0.8234546780586243,
        0.9110724329948425,
        0.9960271716117859,
        1.0788999795913696,
        1.1564170122146606,
        1.2399834394454956,
        1.3236163854599,
        1.4016817808151245,
        1.4854943752288818,
        1.567785382270813,
        1.6462277173995972,
        1.7199293375015259,
        1.7971853017807007,
        1.870363712310791,
        1.936052918434143
    ],
    "Standard TF": [
        0.38051605224609375,
        0.46694257855415344,
        0.5569437146186829,
        0.6488617062568665,
        0.7348621487617493,
        0.8238340020179749,
        0.9115860462188721,
        0.996539294719696,
        1.0800788402557373,
        1.1579115390777588,
        1.2415732145309448,
        1.3257362842559814,
        1.4045320749282837,
        1.488406777381897,
        1.5705772638320923,
        1.6490951776504517,
        1.7235751152038574,
        1.801042079925537,
        1.874046802520752,
        1.9388874769210815
    ],
    "Guided TF": [
        0.38046666979789734,
        0.466830313205719,
        0.5569080710411072,
        0.648831844329834,
        0.7345888614654541,
        0.8234851956367493,
        0.9110947847366333,
        0.9961534142494202,
        1.078978419303894,
        1.156654953956604,
        1.2402619123458862,
        1.3240101337432861,
        1.4021865129470825,
        1.4861624240875244,
        1.5682780742645264,
        1.6467037200927734,
        1.7202759981155396,
        1.797523856163025,
        1.8707752227783203,
        1.9361134767532349
    ],
    "Shallow TF": [
        0.3760262429714203,
        0.46562910079956055,
        0.5582387447357178,
        0.652262806892395,
        0.7398504614830017,
        0.8307515382766724,
        0.9198384881019592,
        1.0066860914230347,
        1.0913000106811523,
        1.1725167036056519,
        1.2584500312805176,
        1.3445420265197754,
        1.4233208894729614,
        1.507390022277832,
        1.5898617506027222,
        1.6670187711715698,
        1.7402182817459106,
        1.8148654699325562,
        1.8842158317565918,
        1.9456994533538818
    ],
    "Joint Training": [
        0.3816906213760376,
        0.467915415763855,
        0.5577292442321777,
        0.6494407057762146,
        0.7355858087539673,
        0.8246485590934753,
        0.9123321771621704,
        0.9977613687515259,
        1.0811049938201904,
        1.1592732667922974,
        1.2431894540786743,
        1.3278836011886597,
        1.4063403606414795,
        1.4902279376983643,
        1.5730564594268799,
        1.6524001359939575,
        1.726371169090271,
        1.8032004833221436,
        1.8763567209243774,
        1.9401769638061523
    ]
}