{
    "num_samples_list": [
        5,
        10,
        15,
        20,
        25,
        30,
        35,
        40,
        45,
        50,
        55,
        60,
        65,
        70,
        75,
        80,
        85,
        90,
        95,
        100,
        105,
        110,
        115,
        120,
        125,
        130,
        135,
        140,
        145,
        150,
        155,
        160,
        165,
        170,
        175,
        180,
        185,
        190,
        195,
        200,
        205,
        210,
        215,
        220,
        225,
        230,
        235,
        240,
        245,
        250
    ],
    "Bayes": [
        1.8418022394180298
    ],
    "Standard TF": [
        2.8902828693389893,
        2.5008060932159424,
        2.3472912311553955,
        2.184859037399292,
        2.0769498348236084,
        2.0188162326812744,
        1.988232970237732,
        1.9791239500045776,
        1.9503593444824219,
        1.9344781637191772,
        1.9268916845321655,
        1.9180511236190796,
        1.9086170196533203,
        1.9011210203170776,
        1.9038406610488892,
        1.895151138305664,
        1.8914361000061035,
        1.8889342546463013,
        1.8869458436965942,
        1.8804694414138794,
        1.880069613456726,
        1.8802626132965088,
        1.8787646293640137,
        1.8769339323043823,
        1.876633644104004,
        1.8777929544448853,
        1.8794642686843872,
        1.8765782117843628,
        1.8762617111206055,
        1.874518632888794,
        1.8744189739227295,
        1.8726694583892822,
        1.873263955116272,
        1.8717128038406372,
        1.8716601133346558,
        1.871041178703308,
        1.8712505102157593,
        1.871545672416687,
        1.871808648109436,
        1.8716936111450195,
        1.8699835538864136,
        1.86958646774292,
        1.8686391115188599,
        1.8682668209075928,
        1.8684678077697754,
        1.8676656484603882,
        1.867063045501709,
        1.866370439529419,
        1.866215705871582,
        1.8657158613204956
    ],
    "Guided TF": [
        2.9991304874420166,
        2.5991411209106445,
        2.4593429565429688,
        2.258455753326416,
        2.1042122840881348,
        2.0408506393432617,
        2.0017824172973633,
        1.993875503540039,
        1.9570790529251099,
        1.9420479536056519,
        1.933048129081726,
        1.922377109527588,
        1.9088354110717773,
        1.8983246088027954,
        1.899977207183838,
        1.8930914402008057,
        1.8891096115112305,
        1.8852907419204712,
        1.883115291595459,
        1.8756500482559204,
        1.8751696348190308,
        1.8748749494552612,
        1.873168706893921,
        1.872190237045288,
        1.8716903924942017,
        1.8719209432601929,
        1.8730723857879639,
        1.8698055744171143,
        1.8694792985916138,
        1.867989420890808,
        1.8684325218200684,
        1.8662422895431519,
        1.8673192262649536,
        1.865529179573059,
        1.865463137626648,
        1.8648775815963745,
        1.8651691675186157,
        1.8655980825424194,
        1.8659826517105103,
        1.8655802011489868,
        1.8636950254440308,
        1.8636384010314941,
        1.8623257875442505,
        1.8617794513702393,
        1.8620890378952026,
        1.8612438440322876,
        1.8607983589172363,
        1.8600339889526367,
        1.8599975109100342,
        1.8595961332321167
    ],
    "Shallow TF": [
        2.794048547744751,
        2.4092795848846436,
        2.2683119773864746,
        2.156339645385742,
        2.055941343307495,
        2.009857177734375,
        1.9836212396621704,
        1.9753456115722656,
        1.952898621559143,
        1.9415498971939087,
        1.9328972101211548,
        1.9282505512237549,
        1.9204888343811035,
        1.9137171506881714,
        1.9144030809402466,
        1.9073978662490845,
        1.9034265279769897,
        1.8994299173355103,
        1.898618459701538,
        1.892212986946106,
        1.8916524648666382,
        1.891858696937561,
        1.8899983167648315,
        1.8877947330474854,
        1.885990023612976,
        1.88577139377594,
        1.8866392374038696,
        1.8845651149749756,
        1.8842750787734985,
        1.88284170627594,
        1.8832608461380005,
        1.881356954574585,
        1.8820035457611084,
        1.8805760145187378,
        1.8805510997772217,
        1.8798255920410156,
        1.8801060914993286,
        1.880557656288147,
        1.880269169807434,
        1.8799281120300293,
        1.878507375717163,
        1.8783375024795532,
        1.8774739503860474,
        1.876996636390686,
        1.8772082328796387,
        1.8764629364013672,
        1.8758293390274048,
        1.8751633167266846,
        1.8751842975616455,
        1.8748974800109863
    ]
}