{
    "p_flip": [
        2,
        4,
        6,
        8,
        10,
        12,
        14,
        16,
        18,
        20,
        22,
        24,
        26,
        28,
        30,
        32,
        34,
        36,
        38,
        40
    ],
    "Bayes": [
        0.39327117800712585,
        0.6429694890975952,
        0.8922786116600037,
        1.0752381086349487,
        1.2550735473632812,
        1.4046131372451782,
        1.541261076927185,
        1.6680240631103516,
        1.7670347690582275,
        1.8368501663208008,
        1.9173461198806763,
        1.9776737689971924,
        2.027444839477539,
        2.0794525146484375,
        2.1257238388061523,
        2.165607452392578,
        2.1858599185943604,
        2.2066171169281006,
        2.2251675128936768,
        2.2437214851379395
    ],
    "Mis-spec. BP": [
        0.3941466510295868,
        0.6440398693084717,
        0.8934860229492188,
        1.076200008392334,
        1.2561191320419312,
        1.4049739837646484,
        1.5410126447677612,
        1.6676751375198364,
        1.7669004201889038,
        1.8368501663208008,
        1.917500615119934,
        1.9776980876922607,
        2.0272529125213623,
        2.0793559551239014,
        2.1261024475097656,
        2.1668527126312256,
        2.1867315769195557,
        2.2082297801971436,
        2.2267918586730957,
        2.2455062866210938
    ],
    "Standard TF": [
        0.3946428596973419,
        0.6492525935173035,
        0.895566999912262,
        1.0791529417037964,
        1.256668210029602,
        1.410873293876648,
        1.5461225509643555,
        1.6737421751022339,
        1.779078483581543,
        1.8515206575393677,
        1.9294424057006836,
        1.9936810731887817,
        2.04175066947937,
        2.09869647026062,
        2.1440422534942627,
        2.181872844696045,
        2.2045483589172363,
        2.2246932983398438,
        2.2416322231292725,
        2.258151054382324
    ],
    "Guided TF": [
        0.3949662744998932,
        0.6503029465675354,
        0.8957935571670532,
        1.0778796672821045,
        1.2559864521026611,
        1.4084415435791016,
        1.5414996147155762,
        1.670347809791565,
        1.774698257446289,
        1.8436013460159302,
        1.9219796657562256,
        1.9835517406463623,
        2.0324032306671143,
        2.087981700897217,
        2.1376569271087646,
        2.1734261512756348,
        2.1961915493011475,
        2.214371681213379,
        2.235443592071533,
        2.255554437637329
    ],
    "Shallow TF": [
        0.3989175856113434,
        0.6550599336624146,
        0.8998292684555054,
        1.0834935903549194,
        1.264365553855896,
        1.4183117151260376,
        1.5524582862854004,
        1.682491421699524,
        1.786476731300354,
        1.8597431182861328,
        1.9371916055679321,
        2.0015501976013184,
        2.0500969886779785,
        2.104318857192993,
        2.146118640899658,
        2.1832473278045654,
        2.2090163230895996,
        2.23052978515625,
        2.246541738510132,
        2.260909080505371
    ]
}